Degree,Seed,Method,PR-AUC,ROC-AUC
iid,42,FedAvg,0.8756095415199068,0.8809035822491534
iid,42,FedProx,0.8660500248362369,0.8663562644804849
iid,123,FedAvg,0.8292557335363842,0.7996792015683479
iid,123,FedProx,0.8187790545801822,0.7714533951167348
iid,456,FedAvg,0.8007495699027335,0.7358314026020317
iid,456,FedProx,0.7940306182856389,0.732512029941187
moderate,42,FedAvg,0.5468699199663569,0.7727348480639964
moderate,42,FedProx,0.4510224108388786,0.6914615854674739
moderate,123,FedAvg,0.6055333461468922,0.7327370701627687
moderate,123,FedProx,0.2683153348373143,0.4878617854563635
moderate,456,FedAvg,0.5390014007272776,0.713182600966613
moderate,456,FedProx,0.7245192199718506,0.9115604688628409
severe,42,FedAvg,0.0,0.0
severe,42,FedProx,0.0,0.0
severe,123,FedAvg,0.0,0.0
severe,123,FedProx,0.0,0.0
severe,456,FedAvg,0.0,0.0
severe,456,FedProx,0.0,0.0
